{
    "name": "DAMM result",
    "K": 5,
    "M": 2,
    "Priors": [
        0.22250639386189258,
        0.13171355498721227,
        0.2813299232736573,
        0.1636828644501279,
        0.20076726342711
    ],
    "Mu": [
        -4.331073987668721,
        -0.037375533313308895,
        -4.1930954468753585,
        1.2792416224621377,
        -2.951420445077336,
        0.8354410788439005,
        -3.0361376552183805,
        1.6557927216689505,
        -1.71021548491918,
        0.34474346509522935
    ],
    "Sigma": [
        0.5661650919415266,
        0.0,
        0.0,
        0.5661650919415266,
        0.006810546247353338,
        -0.0010709633502216634,
        -0.0010709633502216634,
        0.026958347579151033,
        0.5911092767949381,
        -0.026721729725304615,
        -0.026721729725304615,
        0.14979245862521734,
        0.6653631182680233,
        -0.0034314542806414402,
        -0.0034314542806414402,
        0.16637027478385732,
        0.01999593340128641,
        0.014939534335281054,
        0.014939534335281054,
        0.045768957328351845
    ],
    "Prior": [
        0.20076726342711,
        0.13171355498721227,
        0.2813299232736573,
        0.22250639386189258,
        0.1636828644501279
    ],
    "A": [
        -9.028964057110912,
        -0.520186656329798,
        -0.520186656329798,
        -2.538600614752214,
        -0.25126139477022363,
        -0.3151399268319459,
        -0.01969880044764481,
        -1.2722277802231539,
        -1.01723759171727,
        -0.6555202257488235,
        7.720555351124412,
        0.20257988924033396,
        0.22674368708775,
        0.5019376760520635,
        -4.1951853159755235,
        -0.27755386410086236,
        -1.4388230320780564,
        -0.6896245492112602,
        7.404550184624639,
        0.3375215650573142
    ],
    "attractor": [
        -4.331073987668721,
        -0.037375533313308895
    ],
    "att_all": [
        -4.331073987668721,
        -0.037375533313308895
    ],
    "dt":